Entity,Code,Year,HAQ Index,"Current health expenditure per capita, PPP (current international $)",Population (historical estimates),Continent
Afghanistan,AFG,1990,24.7,,10694804.0,
Afghanistan,AFG,1995,24.5,,16418911.0,
Afghanistan,AFG,2000,24.8,,19542986.0,
Afghanistan,AFG,2005,27.1,100.706985,24411196.0,
Afghanistan,AFG,2010,29.4,143.6695,28189672.0,
Afghanistan,AFG,2015,32.5,211.5873,33753500.0,Asia
Albania,ALB,1990,62.4,,3295073.0,
Albania,ALB,1995,65.1,,3284370.0,
Albania,ALB,2000,68.5,275.79718,3182027.0,
Albania,ALB,2005,71.6,362.53198,3032636.0,
Albania,ALB,2010,75.3,451.88205,2913402.0,
Albania,ALB,2015,78.2,568.9184,2882482.0,Europe
Algeria,DZA,1990,48.2,,25518074.0,
Algeria,DZA,1995,52.6,,28478024.0,
Algeria,DZA,2000,56.2,294.7033,30774624.0,
Algeria,DZA,2005,59.6,368.99152,32956690.0,
Algeria,DZA,2010,62.2,670.1161,35856348.0,
Algeria,DZA,2015,63.7,838.5103,39543148.0,Africa
American Samoa,ASM,1990,54.6,,47841.0,
American Samoa,ASM,1995,55.6,,53421.0,
American Samoa,ASM,2000,60.2,,58251.0,
American Samoa,ASM,2005,61.7,,57277.0,
American Samoa,ASM,2010,63.1,,54871.0,
American Samoa,ASM,2015,63.3,,51391.0,Oceania
Andean Latin America,,1990,43.2,,,
Andean Latin America,,1995,47.0,,,
Andean Latin America,,2000,53.5,,,
Andean Latin America,,2005,58.1,,,
Andean Latin America,,2010,60.9,,,
Andean Latin America,,2015,64.1,,,
Andorra,AND,1990,84.7,,53590.0,
Andorra,AND,1995,88.0,,62944.0,
Andorra,AND,2000,91.1,1936.8021,66116.0,
Andorra,AND,2005,92.6,2433.2073,79845.0,
Andorra,AND,2010,94.0,2816.1917,71542.0,
Andorra,AND,2015,94.6,3096.173,71766.0,Europe
Angola,AGO,1990,25.8,,11828643.0,
Angola,AGO,1995,28.1,,13912258.0,
Angola,AGO,2000,31.2,62.695866,16394067.0,
Angola,AGO,2005,35.6,137.98094,19450962.0,
Angola,AGO,2010,37.7,177.55281,23364196.0,
Angola,AGO,2015,40.7,191.202,28127724.0,Africa
Antigua and Barbuda,ATG,1990,56.6,,63346.0,
Antigua and Barbuda,ATG,1995,57.8,,68417.0,
Antigua and Barbuda,ATG,2000,60.3,794.05975,75070.0,
Antigua and Barbuda,ATG,2005,62.5,1011.61096,79879.0,
Antigua and Barbuda,ATG,2010,64.9,1108.5541,85710.0,
Antigua and Barbuda,ATG,2015,66.7,998.4859,89958.0,North America
Argentina,ARG,1990,57.4,,32637658.0,
Argentina,ARG,1995,60.3,,34946116.0,
Argentina,ARG,2000,63.5,1067.8286,37070772.0,
Argentina,ARG,2005,65.3,1032.6898,39070504.0,
Argentina,ARG,2010,66.6,1701.5576,41100124.0,
Argentina,ARG,2015,68.4,2059.3286,43257064.0,South America
Armenia,ARM,1990,56.8,,3556544.0,
Armenia,ARM,1995,55.6,,3322788.0,
Armenia,ARM,2000,59.0,111.539314,3168525.0,
Armenia,ARM,2005,60.0,319.7903,3047254.0,
Armenia,ARM,2010,63.7,693.2364,2946296.0,
Armenia,ARM,2015,67.5,1008.6956,2878598.0,Asia
Australasia,,1990,77.2,,,
Australasia,,1995,80.1,,,
Australasia,,2000,82.9,,,
Australasia,,2005,85.3,,,
Australasia,,2010,87.4,,,
Australasia,,2015,89.1,,,
Australia,AUS,1990,78.0,,17048002.0,
Australia,AUS,1995,80.8,,18003002.0,
Australia,AUS,2000,83.7,2155.3416,19017968.0,
Australia,AUS,2005,86.2,2841.8914,20171732.0,
Australia,AUS,2010,88.2,3587.3037,22019166.0,
Australia,AUS,2015,89.8,4392.074,23820240.0,Oceania
Austria,AUT,1990,74.4,,7678732.0,
Austria,AUT,1995,78.2,,7947293.0,
Austria,AUT,2000,81.6,2708.0295,8010425.0,
Austria,AUT,2005,84.2,3381.66,8227034.0,
Austria,AUT,2010,86.1,4303.1196,8362829.0,
Austria,AUT,2015,88.2,5204.622,8642422.0,Europe
Azerbaijan,AZE,1990,52.9,,7427840.0,
Azerbaijan,AZE,1995,51.8,,7889335.0,
Azerbaijan,AZE,2000,53.6,100.5925,8190341.0,
Azerbaijan,AZE,2005,55.4,152.24586,8656243.0,
Azerbaijan,AZE,2010,59.9,372.56824,9237203.0,
Azerbaijan,AZE,2015,64.5,615.1613,9863485.0,Asia
Bahrain,BHR,1990,59.7,,517429.0,
Bahrain,BHR,1995,63.2,,612941.0,
Bahrain,BHR,2000,67.3,1502.3873,711446.0,
Bahrain,BHR,2005,71.3,1441.6879,901928.0,
Bahrain,BHR,2010,77.2,1801.2579,1213655.0,
Bahrain,BHR,2015,79.0,2272.859,1362157.0,Asia
Bangladesh,BGD,1990,32.6,,107147656.0,
Bangladesh,BGD,1995,35.8,,117793336.0,
Bangladesh,BGD,2000,39.6,28.257042,129193336.0,
Bangladesh,BGD,2005,44.3,42.632378,140912592.0,
Bangladesh,BGD,2010,48.7,65.39174,148391136.0,
Bangladesh,BGD,2015,51.7,93.84658,157830000.0,Asia
Barbados,BRB,1990,55.9,,258871.0,
Barbados,BRB,1995,59.5,,262309.0,
Barbados,BRB,2000,62.6,677.4111,264663.0,
Barbados,BRB,2005,64.3,1002.88055,269489.0,
Barbados,BRB,2010,65.5,1092.4957,274717.0,
Barbados,BRB,2015,66.8,1050.8344,278095.0,North America
Belarus,BLR,1990,63.9,,10428527.0,
Belarus,BLR,1995,63.2,,10461694.0,
Belarus,BLR,2000,65.6,320.8687,10256489.0,
Belarus,BLR,2005,68.0,611.6829,9935166.0,
Belarus,BLR,2010,71.7,874.771,9731426.0,
Belarus,BLR,2015,74.4,1100.0824,9700609.0,Europe
Belgium,BEL,1990,75.4,,9959565.0,
Belgium,BEL,1995,78.8,,10095204.0,
Belgium,BEL,2000,81.6,2226.1443,10264351.0,
Belgium,BEL,2005,84.6,3082.29,10516979.0,
Belgium,BEL,2010,86.3,4101.0034,10877948.0,
Belgium,BEL,2015,87.9,4834.89,11248306.0,Europe
Belize,BLZ,1990,49.7,,182603.0,
Belize,BLZ,1995,50.5,,203572.0,
Belize,BLZ,2000,50.6,219.25671,240420.0,
Belize,BLZ,2005,53.7,311.95663,280386.0,
Belize,BLZ,2010,56.3,429.19797,322115.0,
Belize,BLZ,2015,58.3,430.13583,359884.0,North America
Benin,BEN,1990,36.9,,5133429.0,
Benin,BEN,1995,37.0,,6046512.0,
Benin,BEN,2000,37.3,54.598946,6998022.0,
Benin,BEN,2005,40.4,60.23724,8149420.0,
Benin,BEN,2010,41.5,70.85504,9445716.0,
Benin,BEN,2015,43.0,83.93218,10932791.0,Africa
Bermuda,BMU,1990,60.8,,57490.0,
Bermuda,BMU,1995,64.8,,59486.0,
Bermuda,BMU,2000,71.6,,61390.0,
Bermuda,BMU,2005,74.1,,62980.0,
Bermuda,BMU,2010,77.0,,63466.0,
Bermuda,BMU,2015,79.0,,63165.0,North America
Bhutan,BTN,1990,34.6,,558449.0,
Bhutan,BTN,1995,37.6,,527535.0,
Bhutan,BTN,2000,42.3,115.98997,587210.0,
Bhutan,BTN,2005,46.2,157.63615,663332.0,
Bhutan,BTN,2010,50.1,219.61429,705523.0,
Bhutan,BTN,2015,52.7,340.18665,743284.0,Asia
Bolivia,BOL,1990,40.5,,7096195.0,
Bolivia,BOL,1995,43.8,,7841471.0,
Bolivia,BOL,2000,48.5,151.10051,8592656.0,
Bolivia,BOL,2005,53.3,207.34644,9377395.0,
Bolivia,BOL,2010,56.4,268.80988,10223277.0,
Bolivia,BOL,2015,59.2,467.31436,11090090.0,South America
Bosnia and Herzegovina,BIH,1990,60.9,,4494314.0,
Bosnia and Herzegovina,BIH,1995,62.1,,3750528.0,
Bosnia and Herzegovina,BIH,2000,68.8,351.18784,4179355.0,
Bosnia and Herzegovina,BIH,2005,72.1,571.5225,4094297.0,
Bosnia and Herzegovina,BIH,2010,75.3,843.1259,3811093.0,
Bosnia and Herzegovina,BIH,2015,78.2,1123.0916,3524328.0,Europe
Botswana,BWA,1990,44.9,,1341480.0,
Botswana,BWA,1995,45.4,,1543641.0,
Botswana,BWA,2000,43.7,511.87955,1726992.0,
Botswana,BWA,2005,43.9,539.38116,1892819.0,
Botswana,BWA,2010,48.6,827.04047,2091666.0,
Botswana,BWA,2015,51.1,890.276,2305177.0,Africa
Brazil,BRA,1990,50.1,,150706448.0,
Brazil,BRA,1995,53.8,,163515328.0,
Brazil,BRA,2000,57.0,755.1784,175873712.0,
Brazil,BRA,2005,59.9,883.00604,186797344.0,
Brazil,BRA,2010,62.6,1136.1232,196353504.0,
Brazil,BRA,2015,64.9,1313.5973,205188208.0,South America
Brunei,BRN,1990,62.0,,261936.0,
Brunei,BRN,1995,64.3,,299108.0,
Brunei,BRN,2000,66.7,1875.7415,333937.0,
Brunei,BRN,2005,68.6,1861.6948,366728.0,
Brunei,BRN,2010,69.5,1828.9319,396064.0,
Brunei,BRN,2015,70.0,1492.9257,421449.0,Asia
Bulgaria,BGR,1990,63.0,,8767778.0,
Bulgaria,BGR,1995,63.2,,8477584.0,
Bulgaria,BGR,2000,64.8,373.59814,8097694.0,
Bulgaria,BGR,2005,66.7,706.3624,7815221.0,
Bulgaria,BGR,2010,67.9,1058.3381,7592271.0,
Bulgaria,BGR,2015,71.4,1354.8264,7309255.0,Europe
Burkina Faso,BFA,1990,32.9,,9131362.0,
Burkina Faso,BFA,1995,34.1,,10353268.0,
Burkina Faso,BFA,2000,36.0,27.199656,11882896.0,
Burkina Faso,BFA,2005,40.3,48.02848,13876134.0,
Burkina Faso,BFA,2010,42.7,78.70397,16116851.0,
Burkina Faso,BFA,2015,42.9,87.93651,18718022.0,Africa
Burundi,BDI,1990,23.5,,5483800.0,
Burundi,BDI,1995,23.4,,5932789.0,
Burundi,BDI,2000,27.0,32.55394,6307665.0,
Burundi,BDI,2005,35.5,47.9539,7388869.0,
Burundi,BDI,2010,40.5,74.76863,9126612.0,
Burundi,BDI,2015,40.4,54.107956,10727153.0,Africa
Cambodia,KHM,1990,30.0,,8910806.0,
Cambodia,KHM,1995,31.3,,10919528.0,
Cambodia,KHM,2000,34.1,70.347946,12118844.0,
Cambodia,KHM,2005,40.7,118.11627,13246588.0,
Cambodia,KHM,2010,45.5,167.76376,14363534.0,
Cambodia,KHM,2015,50.7,209.90909,15417527.0,Asia
Cameroon,CMR,1990,38.3,,11430519.0,
Cameroon,CMR,1995,37.7,,13211643.0,
Cameroon,CMR,2000,37.2,83.44686,15091598.0,
Cameroon,CMR,2005,41.0,96.531586,17275174.0,
Cameroon,CMR,2010,42.5,100.80982,19878044.0,
Cameroon,CMR,2015,44.4,122.230286,23012650.0,Africa
Canada,CAN,1990,78.9,,27657206.0,
Canada,CAN,1995,80.7,,29289430.0,
Canada,CAN,2000,83.2,2429.6057,30683316.0,
Canada,CAN,2005,84.7,3290.4197,32215914.0,
Canada,CAN,2010,86.3,4272.6284,33963416.0,
Canada,CAN,2015,87.6,4751.4434,35732120.0,North America
Cape Verde,CPV,1990,50.1,,364572.0,
Cape Verde,CPV,1995,49.3,,411394.0,
Cape Verde,CPV,2000,50.8,136.95897,458258.0,
Cape Verde,CPV,2005,53.7,185.28416,492841.0,
Cape Verde,CPV,2010,57.9,254.76901,521219.0,
Cape Verde,CPV,2015,61.7,288.9325,552169.0,Africa
Caribbean,,1990,42.4,,,
Caribbean,,1995,45.9,,,
Caribbean,,2000,48.8,,,
Caribbean,,2005,50.8,,,
Caribbean,,2010,52.3,,,
Caribbean,,2015,54.5,,,
Central African Republic,CAF,1990,25.5,,2809223.0,
Central African Republic,CAF,1995,25.8,,3276707.0,
Central African Republic,CAF,2000,26.7,27.277212,3759174.0,
Central African Republic,CAF,2005,28.0,34.39843,4208845.0,
Central African Republic,CAF,2010,28.8,36.6982,4660066.0,
Central African Republic,CAF,2015,28.6,39.62093,4819341.0,Africa
Central Asia,,1990,50.7,,,
Central Asia,,1995,49.2,,,
Central Asia,,2000,50.7,,,
Central Asia,,2005,52.4,,,
Central Asia,,2010,56.6,,,
Central Asia,,2015,59.9,,,
Central Europe,,1990,60.6,,,
Central Europe,,1995,63.4,,,
Central Europe,,2000,67.5,,,
Central Europe,,2005,70.5,,,
Central Europe,,2010,73.8,,,
Central Europe,,2015,77.1,,,
"Central Europe, Eastern Europe, and Central Asia",,1990,57.5,,,
"Central Europe, Eastern Europe, and Central Asia",,1995,55.9,,,
"Central Europe, Eastern Europe, and Central Asia",,2000,58.4,,,
"Central Europe, Eastern Europe, and Central Asia",,2005,60.8,,,
"Central Europe, Eastern Europe, and Central Asia",,2010,65.4,,,
"Central Europe, Eastern Europe, and Central Asia",,2015,68.5,,,
Central Latin America,,1990,47.6,,,
Central Latin America,,1995,52.2,,,
Central Latin America,,2000,55.8,,,
Central Latin America,,2005,58.3,,,
Central Latin America,,2010,60.2,,,
Central Latin America,,2015,62.4,,,
Central Sub-Saharan Africa,,1990,31.1,,,
Central Sub-Saharan Africa,,1995,32.1,,,
Central Sub-Saharan Africa,,2000,33.0,,,
Central Sub-Saharan Africa,,2005,35.7,,,
Central Sub-Saharan Africa,,2010,37.2,,,
Central Sub-Saharan Africa,,2015,38.6,,,
Chad,TCD,1990,35.6,,5827070.0,
Chad,TCD,1995,35.2,,6888862.0,
Chad,TCD,2000,32.1,45.396793,8259144.0,
Chad,TCD,2005,34.1,75.09175,10005013.0,
Chad,TCD,2010,36.3,74.0531,11894734.0,
Chad,TCD,2015,37.7,82.33955,14140277.0,Africa
Chile,CHL,1990,58.8,,13342876.0,
Chile,CHL,1995,64.2,,14416799.0,
Chile,CHL,2000,69.2,672.1103,15351803.0,
Chile,CHL,2005,72.0,839.83606,16175315.0,
Chile,CHL,2010,73.9,1230.4427,17004166.0,
Chile,CHL,2015,76.0,1884.5907,17870122.0,South America
China,CHN,1990,49.5,,1153704192.0,
China,CHN,1995,53.7,,1218144384.0,
China,CHN,2000,57.8,128.20192,1264099072.0,
China,CHN,2005,63.7,207.13808,1304887552.0,
China,CHN,2010,69.9,379.24588,1348191360.0,
China,CHN,2015,74.2,627.63074,1393715456.0,Asia
Colombia,COL,1990,51.1,,32601396.0,
Colombia,COL,1995,54.9,,35970104.0,
Colombia,COL,2000,58.4,373.7017,39215136.0,
Colombia,COL,2005,61.6,500.03946,42220944.0,
Colombia,COL,2010,64.4,751.30707,44816104.0,
Colombia,COL,2015,67.8,988.0946,47119728.0,South America
Comoros,COM,1990,32.7,,431128.0,
Comoros,COM,1995,34.3,,483767.0,
Comoros,COM,2000,38.4,130.80598,536762.0,
Comoros,COM,2005,44.1,123.16661,592691.0,
Comoros,COM,2010,47.2,112.46015,656032.0,
Comoros,COM,2015,47.7,124.666,730221.0,Africa
Congo,COG,1990,32.2,,2385433.0,
Congo,COG,1995,31.4,,2742316.0,
Congo,COG,2000,33.3,57.38007,3134034.0,
Congo,COG,2005,39.3,74.94934,3672845.0,
Congo,COG,2010,41.2,99.06448,4437883.0,
Congo,COG,2015,43.5,113.98386,5064390.0,Africa
Costa Rica,CRI,1990,62.1,,3158257.0,
Costa Rica,CRI,1995,62.8,,3572855.0,
Costa Rica,CRI,2000,65.4,516.6998,3979189.0,
Costa Rica,CRI,2005,68.6,656.06165,4315894.0,
Costa Rica,CRI,2010,70.8,1032.4426,4622250.0,
Costa Rica,CRI,2015,72.9,1297.527,4895241.0,North America
Cote d'Ivoire,CIV,1990,35.5,,11910540.0,
Cote d'Ivoire,CIV,1995,33.2,,14299727.0,
Cote d'Ivoire,CIV,2000,34.4,194.06133,16799664.0,
Cote d'Ivoire,CIV,2005,37.6,159.17422,18970216.0,
Cote d'Ivoire,CIV,2010,40.7,153.9614,21120040.0,
Cote d'Ivoire,CIV,2015,42.4,149.81885,23596738.0,Africa
Croatia,HRV,1990,68.8,,4873705.0,
Croatia,HRV,1995,70.4,,4807100.0,
Croatia,HRV,2000,73.4,811.4234,4548438.0,
Croatia,HRV,2005,76.8,1056.7689,4429687.0,
Croatia,HRV,2010,78.9,1599.9801,4368680.0,
Croatia,HRV,2015,81.6,1553.3397,4254821.0,Europe
Cuba,CUB,1990,64.1,,10626679.0,
Cuba,CUB,1995,65.2,,10926708.0,
Cuba,CUB,2000,67.7,547.9128,11105799.0,
Cuba,CUB,2005,70.5,1069.4585,11246113.0,
Cuba,CUB,2010,72.1,2041.5504,11290420.0,
Cuba,CUB,2015,73.5,3180.3606,11339888.0,North America
Cyprus,CYP,1990,72.0,,788501.0,
Cyprus,CYP,1995,73.4,,862419.0,
Cyprus,CYP,2000,76.4,1136.2607,948238.0,
Cyprus,CYP,2005,79.2,1520.4226,1037070.0,
Cyprus,CYP,2010,82.6,2207.5334,1129693.0,
Cyprus,CYP,2015,85.3,2150.3118,1187286.0,Europe
Czechia,CZE,1990,68.3,,10301190.0,
Czechia,CZE,1995,73.2,,10311702.0,
Czechia,CZE,2000,77.1,923.917,10234712.0,
Czechia,CZE,2005,79.2,1402.7372,10280122.0,
Czechia,CZE,2010,81.8,1920.6934,10464750.0,
Czechia,CZE,2015,84.8,2441.3352,10523801.0,Europe
Democratic Republic of Congo,COD,1990,35.6,,35987544.0,
Democratic Republic of Congo,COD,1995,36.1,,43285788.0,
Democratic Republic of Congo,COD,2000,36.2,6.9315886,48616328.0,
Democratic Republic of Congo,COD,2005,38.1,22.064505,56550244.0,
Democratic Republic of Congo,COD,2010,39.3,24.471306,66391260.0,
Democratic Republic of Congo,COD,2015,40.4,35.939266,78656904.0,Africa
Denmark,DNK,1990,76.6,,5144626.0,
Denmark,DNK,1995,77.2,,5235205.0,
Denmark,DNK,2000,79.5,2327.7578,5340662.0,
Denmark,DNK,2005,81.9,3109.049,5436314.0,
Denmark,DNK,2010,83.6,4457.3687,5550850.0,
Denmark,DNK,2015,85.7,5037.0127,5677795.0,Europe
Djibouti,DJI,1990,38.9,,577183.0,
Djibouti,DJI,1995,38.8,,629628.0,
Djibouti,DJI,2000,39.4,70.825966,742046.0,
Djibouti,DJI,2005,40.9,91.60031,830863.0,
Djibouti,DJI,2010,43.2,109.86758,919206.0,
Djibouti,DJI,2015,44.7,141.5709,1006266.0,Africa
Dominica,DMA,1990,53.0,,69501.0,
Dominica,DMA,1995,54.6,,69224.0,
Dominica,DMA,2000,57.7,346.76785,68365.0,
Dominica,DMA,2005,59.0,383.70175,68686.0,
Dominica,DMA,2010,58.5,516.4928,68775.0,
Dominica,DMA,2015,58.1,574.7605,70027.0,North America
Dominican Republic,DOM,1990,47.9,,7129004.0,
Dominican Republic,DOM,1995,52.2,,7869754.0,
Dominican Republic,DOM,2000,56.6,324.24506,8540790.0,
Dominican Republic,DOM,2005,58.6,357.27048,9164770.0,
Dominican Republic,DOM,2010,60.8,636.6284,9775756.0,
Dominican Republic,DOM,2015,62.5,852.7035,10405832.0,North America
East Asia,,1990,49.5,,,
East Asia,,1995,53.8,,,
East Asia,,2000,57.8,,,
East Asia,,2005,63.6,,,
East Asia,,2010,69.7,,,
East Asia,,2015,73.8,,,
East Timor,TLS,1990,32.2,,758120.0,
East Timor,TLS,1995,35.4,,819234.0,
East Timor,TLS,2000,38.2,,878367.0,
East Timor,TLS,2005,42.6,73.138855,969318.0,
East Timor,TLS,2010,48.4,127.14252,1088492.0,
East Timor,TLS,2015,51.6,223.41087,1205822.0,Asia
Eastern Europe,,1990,61.7,,,
Eastern Europe,,1995,58.2,,,
Eastern Europe,,2000,60.4,,,
Eastern Europe,,2005,63.4,,,
Eastern Europe,,2010,68.9,,,
Eastern Europe,,2015,71.9,,,
Eastern Sub-Saharan Africa,,1990,29.6,,,
Eastern Sub-Saharan Africa,,1995,31.2,,,
Eastern Sub-Saharan Africa,,2000,33.8,,,
Eastern Sub-Saharan Africa,,2005,37.5,,,
Eastern Sub-Saharan Africa,,2010,40.5,,,
Eastern Sub-Saharan Africa,,2015,42.4,,,
Ecuador,ECU,1990,45.4,,10449845.0,
Ecuador,ECU,1995,48.7,,11561683.0,
Ecuador,ECU,2000,53.5,194.50372,12626511.0,
Ecuador,ECU,2005,56.1,425.10095,13770015.0,
Ecuador,ECU,2010,58.6,556.013,14989581.0,
Ecuador,ECU,2015,61.2,828.5777,16195904.0,South America
Egypt,EGY,1990,45.0,,57214632.0,
Egypt,EGY,1995,49.3,,64166908.0,
Egypt,EGY,2000,54.4,299.8941,71371368.0,
Egypt,EGY,2005,56.9,364.05267,79075312.0,
Egypt,EGY,2010,58.2,415.84628,87252416.0,
Egypt,EGY,2015,61.0,614.36774,97723792.0,Africa
El Salvador,SLV,1990,44.3,,5367182.0,
El Salvador,SLV,1995,49.0,,5748201.0,
El Salvador,SLV,2000,55.3,396.94028,5958482.0,
El Salvador,SLV,2005,59.6,440.80923,6037817.0,
El Salvador,SLV,2010,62.2,504.6463,6114039.0,
El Salvador,SLV,2015,64.4,579.7234,6231072.0,North America
Equatorial Guinea,GNQ,1990,26.1,,465560.0,
Equatorial Guinea,GNQ,1995,27.5,,560744.0,
Equatorial Guinea,GNQ,2000,35.4,182.89835,684986.0,
Equatorial Guinea,GNQ,2005,42.9,417.70947,864740.0,
Equatorial Guinea,GNQ,2010,45.6,599.5062,1094538.0,
Equatorial Guinea,GNQ,2015,48.4,700.9189,1346974.0,Africa
Eritrea,ERI,1990,28.9,,2149967.0,
Eritrea,ERI,1995,35.3,,2157227.0,
Eritrea,ERI,2000,38.0,72.85006,2392888.0,
Eritrea,ERI,2005,38.8,89.364075,2831735.0,
Eritrea,ERI,2010,37.8,63.29882,3147733.0,
Eritrea,ERI,2015,38.1,70.76725,3340005.0,Africa
Estonia,EST,1990,65.8,,1570676.0,
Estonia,EST,1995,62.5,,1452777.0,
Estonia,EST,2000,67.4,485.22485,1396881.0,
Estonia,EST,2005,71.4,838.3688,1354665.0,
Estonia,EST,2010,77.5,1366.2097,1331535.0,
Estonia,EST,2015,81.4,1865.8896,1314658.0,Europe
Eswatini,SWZ,1990,41.5,,854020.0,
Eswatini,SWZ,1995,45.7,,953586.0,
Eswatini,SWZ,2000,40.7,217.65804,1030504.0,
Eswatini,SWZ,2005,35.1,457.9244,1071895.0,
Eswatini,SWZ,2010,37.8,667.65375,1099926.0,
Eswatini,SWZ,2015,41.9,622.0633,1133941.0,Africa
Ethiopia,ETH,1990,23.1,,47878076.0,
Ethiopia,ETH,1995,26.8,,57476540.0,
Ethiopia,ETH,2000,30.6,21.06814,67031872.0,
Ethiopia,ETH,2005,34.9,26.28779,77469944.0,
Ethiopia,ETH,2010,40.4,56.2217,89237800.0,
Ethiopia,ETH,2015,44.2,63.36305,102471896.0,Africa
Fiji,FJI,1990,43.9,,780437.0,
Fiji,FJI,1995,44.1,,792247.0,
Fiji,FJI,2000,44.7,216.50066,832516.0,
Fiji,FJI,2005,45.0,256.5645,874929.0,
Fiji,FJI,2010,45.4,292.9075,905176.0,
Fiji,FJI,2015,46.6,412.66986,917209.0,Oceania
Finland,FIN,1990,75.4,,4986551.0,
Finland,FIN,1995,78.8,,5107942.0,
Finland,FIN,2000,82.0,1896.2378,5176208.0,
Finland,FIN,2005,84.5,2649.9575,5246070.0,
Finland,FIN,2010,87.2,3562.5166,5363279.0,
Finland,FIN,2015,89.6,4097.8154,5479457.0,Europe
France,FRA,1990,74.3,,56412896.0,
France,FRA,1995,77.5,,57420356.0,
France,FRA,2000,80.3,2516.9216,58665456.0,
France,FRA,2005,84.2,3135.556,60510080.0,
France,FRA,2010,85.7,4056.3904,62444568.0,
France,FRA,2015,87.9,4682.6675,63809768.0,Europe
Gabon,GAB,1990,39.1,,983039.0,
Gabon,GAB,1995,40.1,,1121961.0,
Gabon,GAB,2000,41.8,402.4528,1272941.0,
Gabon,GAB,2005,44.1,427.51038,1458362.0,
Gabon,GAB,2010,48.4,367.30197,1711117.0,
Gabon,GAB,2015,51.4,390.6313,2028524.0,Africa
Gambia,GMB,1990,41.3,,1040625.0,
Gambia,GMB,1995,42.4,,1242160.0,
Gambia,GMB,2000,43.3,219.90189,1437540.0,
Gambia,GMB,2005,45.6,119.81305,1660377.0,
Gambia,GMB,2010,47.7,123.93253,1937284.0,
Gambia,GMB,2015,49.7,65.64606,2253137.0,Africa
Georgia,GEO,1990,58.4,,5391635.0,
Georgia,GEO,1995,60.2,,4877682.0,
Georgia,GEO,2000,60.9,214.63078,4265175.0,
Georgia,GEO,2005,60.7,397.86835,3961183.0,
Georgia,GEO,2010,60.8,634.0239,3836834.0,
Georgia,GEO,2015,62.1,830.72546,3771135.0,Asia
Germany,DEU,1990,73.1,,79370192.0,
Germany,DEU,1995,77.1,,81123264.0,
Germany,DEU,2000,80.6,2692.238,81551680.0,
Germany,DEU,2005,83.2,3277.2122,81212168.0,
Germany,DEU,2010,84.9,4323.9863,81325088.0,
Germany,DEU,2015,86.4,5356.6074,82073232.0,Europe
Ghana,GHA,1990,34.8,,15446987.0,
Ghana,GHA,1995,38.5,,17438882.0,
Ghana,GHA,2000,40.3,71.00152,19665506.0,
Ghana,GHA,2005,44.2,116.400986,22496952.0,
Ghana,GHA,2010,47.3,169.1308,25574722.0,
Ghana,GHA,2015,49.7,236.50868,28870946.0,Africa
Greece,GRC,1990,76.5,,10302255.0,
Greece,GRC,1995,79.5,,10727928.0,
Greece,GRC,2000,82.2,1418.1973,11038112.0,
Greece,GRC,2005,84.4,2194.1055,11113450.0,
Greece,GRC,2010,85.2,2681.2546,11033784.0,
Greece,GRC,2015,87.0,2148.733,10806644.0,Europe
Greenland,GRL,1990,59.0,,55616.0,
Greenland,GRL,1995,62.3,,55807.0,
Greenland,GRL,2000,64.3,,56204.0,
Greenland,GRL,2005,65.8,,56909.0,
Greenland,GRL,2010,68.1,,56374.0,
Greenland,GRL,2015,71.0,,55916.0,North America
Grenada,GRD,1990,49.4,,99066.0,
Grenada,GRD,1995,52.8,,104075.0,
Grenada,GRD,2000,54.0,409.46512,107442.0,
Grenada,GRD,2005,55.1,539.9532,110268.0,
Grenada,GRD,2010,57.0,588.7131,114058.0,
Grenada,GRD,2015,58.3,657.6476,118994.0,North America
Guam,GUM,1990,61.5,,138279.0,
Guam,GUM,1995,63.6,,150107.0,
Guam,GUM,2000,67.0,,160209.0,
Guam,GUM,2005,66.4,,164448.0,
Guam,GUM,2010,63.7,,164916.0,
Guam,GUM,2015,63.4,,167996.0,Oceania
Guatemala,GTM,1990,40.1,,9084779.0,
Guatemala,GTM,1995,44.4,,10363096.0,
Guatemala,GTM,2000,48.7,273.99973,11735893.0,
Guatemala,GTM,2005,51.3,354.72064,13132818.0,
Guatemala,GTM,2010,53.2,403.26456,14543126.0,
Guatemala,GTM,2015,55.7,471.41632,16001105.0,North America
Guinea,GIN,1990,32.6,,6354146.0,
Guinea,GIN,1995,33.6,,7468350.0,
Guinea,GIN,2000,34.0,53.717873,8336973.0,
Guinea,GIN,2005,37.0,61.356647,9140112.0,
Guinea,GIN,2010,37.6,56.678787,10270728.0,
Guinea,GIN,2015,38.6,105.69034,11626003.0,Africa
Guinea-Bissau,GNB,1990,32.7,,973557.0,
Guinea-Bissau,GNB,1995,33.1,,1117229.0,
Guinea-Bissau,GNB,2000,33.6,76.28691,1230855.0,
Guinea-Bissau,GNB,2005,33.3,92.415565,1379714.0,
Guinea-Bissau,GNB,2010,35.1,92.737114,1567226.0,
Guinea-Bissau,GNB,2015,36.3,142.79565,1788931.0,Africa
Guyana,GUY,1990,39.3,,747124.0,
Guyana,GUY,1995,41.3,,751702.0,
Guyana,GUY,2000,42.5,160.96606,759059.0,
Guyana,GUY,2005,44.7,217.1381,759713.0,
Guyana,GUY,2010,47.0,331.39066,747937.0,
Guyana,GUY,2015,49.8,450.46878,755043.0,South America
Haiti,HTI,1990,24.9,,6925335.0,
Haiti,HTI,1995,29.2,,7627320.0,
Haiti,HTI,2000,32.7,82.975784,8360224.0,
Haiti,HTI,2005,34.8,77.40153,9111901.0,
Haiti,HTI,2010,35.9,121.57973,9842883.0,
Haiti,HTI,2015,38.5,147.11043,10563762.0,North America
High-income,,1990,71.1,,,
High-income,,1995,74.6,,,
High-income,,2000,77.2,,,
High-income,,2005,79.6,,,
High-income,,2010,81.6,,,
High-income,,2015,83.1,,,
High-income Asia Pacific,,1990,72.6,,,
High-income Asia Pacific,,1995,77.2,,,
High-income Asia Pacific,,2000,79.8,,,
High-income Asia Pacific,,2005,83.3,,,
High-income Asia Pacific,,2010,86.0,,,
High-income Asia Pacific,,2015,87.4,,,
High-income North America,,1990,74.0,,,
High-income North America,,1995,76.3,,,
High-income North America,,2000,78.1,,,
High-income North America,,2005,79.2,,,
High-income North America,,2010,80.9,,,
High-income North America,,2015,81.8,,,
Honduras,HND,1990,42.3,,5053235.0,
Honduras,HND,1995,45.7,,5812836.0,
Honduras,HND,2000,47.6,162.42905,6656727.0,
Honduras,HND,2005,49.5,240.80325,7564615.0,
Honduras,HND,2010,51.8,329.68445,8450936.0,
Honduras,HND,2015,53.9,360.97217,9294510.0,North America
Hungary,HUN,1990,64.6,,10375989.0,
Hungary,HUN,1995,67.2,,10327171.0,
Hungary,HUN,2000,71.0,802.92377,10202054.0,
Hungary,HUN,2005,73.7,1364.5994,10073533.0,
Hungary,HUN,2010,76.1,1618.4421,9986832.0,
Hungary,HUN,2015,79.6,1834.4618,9844250.0,Europe
Iceland,ISL,1990,81.9,,255026.0,
Iceland,ISL,1995,84.2,,267689.0,
Iceland,ISL,2000,87.1,2667.5212,281469.0,
Iceland,ISL,2005,89.8,3359.114,297037.0,
Iceland,ISL,2010,92.1,3304.6797,318346.0,
Iceland,ISL,2015,93.6,3977.2996,331068.0,Europe
India,IND,1990,30.7,,870452160.0,
India,IND,1995,33.1,,964279104.0,
India,IND,2000,35.3,86.04083,1059633664.0,
India,IND,2005,38.2,113.84496,1154638720.0,
India,IND,2010,41.2,141.34872,1240613632.0,
India,IND,2015,44.8,196.49771,1322866560.0,Asia
Indonesia,IDN,1990,37.2,,182159888.0,
Indonesia,IDN,1995,39.7,,198140160.0,
Indonesia,IDN,2000,41.3,95.60731,214072416.0,
Indonesia,IDN,2005,43.8,172.23744,228805152.0,
Indonesia,IDN,2010,46.8,237.38509,244016176.0,
Indonesia,IDN,2015,49.2,299.65753,259091968.0,Asia
Iran,IRN,1990,54.6,,55793628.0,
Iran,IRN,1995,59.6,,60794808.0,
Iran,IRN,2000,63.5,499.14764,65544380.0,
Iran,IRN,2005,65.7,740.40424,70182592.0,
Iran,IRN,2010,68.9,1163.9818,75373864.0,
Iran,IRN,2015,71.1,1024.3019,81790848.0,Asia
Iraq,IRQ,1990,51.1,,17658384.0,
Iraq,IRQ,1995,50.7,,20948856.0,
Iraq,IRQ,2000,51.8,,24628860.0,
Iraq,IRQ,2005,54.4,278.07153,28698688.0,
Iraq,IRQ,2010,57.2,410.37552,31264880.0,
Iraq,IRQ,2015,60.1,326.62967,37757812.0,Asia
Ireland,IRL,1990,75.6,,3485370.0,
Ireland,IRL,1995,78.4,,3579486.0,
Ireland,IRL,2000,79.6,1795.643,3768954.0,
Ireland,IRL,2005,83.5,3128.8882,4121220.0,
Ireland,IRL,2010,86.0,4561.6924,4524581.0,
Ireland,IRL,2015,88.4,5077.4766,4665764.0,Europe
Israel,ISR,1990,71.3,,4803255.0,
Israel,ISR,1995,74.3,,5478738.0,
Israel,ISR,2000,77.5,1793.5718,6116955.0,
Israel,ISR,2005,80.3,1877.4962,6714119.0,
Israel,ISR,2010,83.7,2098.8962,7328439.0,
Israel,ISR,2015,85.5,2645.2234,8007777.0,Asia
Italy,ITA,1990,76.2,,56756560.0,
Italy,ITA,1995,79.1,,56885124.0,
Italy,ITA,2000,82.5,2050.0366,56966400.0,
Italy,ITA,2005,85.5,2516.8032,58199876.0,
Italy,ITA,2010,87.5,3141.7534,59822452.0,
Italy,ITA,2015,88.7,3264.6428,60232908.0,Europe
Jamaica,JAM,1990,55.0,,2392035.0,
Jamaica,JAM,1995,58.0,,2509369.0,
Jamaica,JAM,2000,59.5,358.7634,2612203.0,
Jamaica,JAM,2005,62.2,343.3539,2676868.0,
Jamaica,JAM,2010,62.9,418.32126,2733904.0,
Jamaica,JAM,2015,63.7,494.52768,2794455.0,North America
Japan,JPN,1990,78.3,,123686320.0,
Japan,JPN,1995,80.7,,125433968.0,
Japan,JPN,2000,82.9,1908.96,126803864.0,
Japan,JPN,2005,85.6,2453.0095,127798376.0,
Japan,JPN,2010,87.8,3191.9072,128105432.0,
Japan,JPN,2015,89.0,4367.5015,127250936.0,Asia
Jordan,JOR,1990,59.1,,3480591.0,
Jordan,JOR,1995,62.0,,4458201.0,
Jordan,JOR,2000,65.0,572.1003,5056172.0,
Jordan,JOR,2005,68.4,712.8526,5678541.0,
Jordan,JOR,2010,74.3,772.9303,6931263.0,
Jordan,JOR,2015,76.5,706.1612,9494250.0,Asia
Kazakhstan,KAZ,1990,55.1,,16866574.0,
Kazakhstan,KAZ,1995,49.9,,16434323.0,
Kazakhstan,KAZ,2000,51.3,320.90683,15236256.0,
Kazakhstan,KAZ,2005,51.9,534.66583,15656255.0,
Kazakhstan,KAZ,2010,57.9,528.3303,16627839.0,
Kazakhstan,KAZ,2015,61.1,704.95807,17835908.0,Asia
Kenya,KEN,1990,42.6,,23162270.0,
Kenya,KEN,1995,42.3,,26878350.0,
Kenya,KEN,2000,44.0,72.85281,30851604.0,
Kenya,KEN,2005,46.4,98.216324,35843016.0,
Kenya,KEN,2010,47.5,141.41635,41517896.0,
Kenya,KEN,2015,48.7,175.47472,46851496.0,Africa
Kiribati,KIR,1990,35.4,,75140.0,
Kiribati,KIR,1995,36.5,,81497.0,
Kiribati,KIR,2000,39.7,136.85793,88840.0,
Kiribati,KIR,2005,41.1,201.02586,98181.0,
Kiribati,KIR,2010,43.6,157.81335,108011.0,
Kiribati,KIR,2015,44.9,168.61041,116717.0,Oceania
Kuwait,KWT,1990,71.7,,1674942.0,
Kuwait,KWT,1995,71.4,,1655228.0,
Kuwait,KWT,2000,74.9,1237.9517,1934910.0,
Kuwait,KWT,2005,75.7,1684.9078,2235409.0,
Kuwait,KWT,2010,77.7,1981.3878,2943364.0,
Kuwait,KWT,2015,82.0,1990.744,3908745.0,Asia
Kyrgyzstan,KGZ,1990,52.5,,4394738.0,
Kyrgyzstan,KGZ,1995,51.7,,4596457.0,
Kyrgyzstan,KGZ,2000,52.4,81.895584,4935185.0,
Kyrgyzstan,KGZ,2005,54.6,180.67706,5193112.0,
Kyrgyzstan,KGZ,2010,57.7,215.47371,5483781.0,
Kyrgyzstan,KGZ,2015,60.4,301.21863,5914985.0,Asia
Laos,LAO,1990,23.8,,4314442.0,
Laos,LAO,1995,25.7,,4927432.0,
Laos,LAO,2000,28.7,81.15499,5430862.0,
Laos,LAO,2005,33.6,95.55003,5852969.0,
Laos,LAO,2010,39.6,117.21553,6323425.0,
Laos,LAO,2015,44.9,151.35321,6787420.0,Asia
Latin America and Caribbean,,1990,46.5,,,
Latin America and Caribbean,,1995,50.8,,,
Latin America and Caribbean,,2000,54.6,,,
Latin America and Caribbean,,2005,57.4,,,
Latin America and Caribbean,,2010,59.6,,,
Latin America and Caribbean,,2015,61.9,,,
Latvia,LVA,1990,65.7,,2689398.0,
Latvia,LVA,1995,62.4,,2570150.0,
Latvia,LVA,2000,68.7,434.40894,2392536.0,
Latvia,LVA,2005,70.7,807.5783,2233165.0,
Latvia,LVA,2010,74.4,1068.7993,2101537.0,
Latvia,LVA,2015,77.7,1405.3999,1991951.0,Europe
Lebanon,LBN,1990,58.7,,3593705.0,
Lebanon,LBN,1995,63.4,,3959642.0,
Lebanon,LBN,2000,68.5,955.87604,4320650.0,
Lebanon,LBN,2005,73.1,751.4666,4643052.0,
Lebanon,LBN,2010,77.0,1112.9473,4995799.0,
Lebanon,LBN,2015,80.0,1117.1895,6398941.0,Asia
Lesotho,LSO,1990,40.8,,1799004.0,
Lesotho,LSO,1995,41.8,,1934085.0,
Lesotho,LSO,2000,39.4,67.33602,1998632.0,
Lesotho,LSO,2005,33.2,79.590454,1977428.0,
Lesotho,LSO,2010,34.4,186.72517,2022752.0,
Lesotho,LSO,2015,35.7,279.6827,2118532.0,Africa
Liberia,LBR,1990,34.7,,2209737.0,
Liberia,LBR,1995,37.1,,2142429.0,
Liberia,LBR,2000,39.5,42.15079,2895229.0,
Liberia,LBR,2005,41.7,76.68573,3266326.0,
Liberia,LBR,2010,43.2,90.293655,4019958.0,
Liberia,LBR,2015,45.4,133.59741,4612330.0,Africa
Libya,LBY,1990,60.0,,4236988.0,
Libya,LBY,1995,63.7,,4733065.0,
Libya,LBY,2000,65.4,618.0683,5154789.0,
Libya,LBY,2005,67.1,623.1358,5837994.0,
Libya,LBY,2010,69.7,988.718,6491991.0,
Libya,LBY,2015,69.9,,6192241.0,Africa
Lithuania,LTU,1990,67.0,,3785851.0,
Lithuania,LTU,1995,64.2,,3747269.0,
Lithuania,LTU,2000,69.6,521.9611,3599639.0,
Lithuania,LTU,2005,70.2,811.57,3373536.0,
Lithuania,LTU,2010,73.6,1351.0676,3139021.0,
Lithuania,LTU,2015,76.6,1861.0052,2963764.0,Europe
Luxembourg,LUX,1990,74.5,,381275.0,
Luxembourg,LUX,1995,78.8,,407639.0,
Luxembourg,LUX,2000,82.2,3287.6516,435634.0,
Luxembourg,LUX,2005,84.9,4941.683,464868.0,
Luxembourg,LUX,2010,87.5,6083.7134,507075.0,
Luxembourg,LUX,2015,89.3,5545.1973,569415.0,Europe
Madagascar,MDG,1990,34.8,,11882763.0,
Madagascar,MDG,1995,36.5,,13869136.0,
Madagascar,MDG,2000,38.7,57.91961,16216432.0,
Madagascar,MDG,2005,41.6,72.93711,18792174.0,
Madagascar,MDG,2010,42.5,71.387856,21731052.0,
Madagascar,MDG,2015,43.7,76.91251,24850912.0,Africa
Malawi,MWI,1990,34.7,,9539669.0,
Malawi,MWI,1995,35.4,,10112813.0,
Malawi,MWI,2000,36.5,24.805698,11229380.0,
Malawi,MWI,2005,40.6,45.32084,12755647.0,
Malawi,MWI,2010,44.3,73.99703,14718426.0,
Malawi,MWI,2015,47.0,95.53276,16938944.0,Africa
Malaysia,MYS,1990,54.2,,17517060.0,
Malaysia,MYS,1995,57.2,,20136886.0,
Malaysia,MYS,2000,60.3,353.66205,22945152.0,
Malaysia,MYS,2005,63.2,480.32626,25923540.0,
Malaysia,MYS,2010,63.9,658.2702,28717728.0,
Malaysia,MYS,2015,66.6,946.9838,31068834.0,Asia
Maldives,MDV,1990,45.9,,224976.0,
Maldives,MDV,1995,51.6,,258217.0,
Maldives,MDV,2000,59.3,818.67236,282520.0,
Maldives,MDV,2005,67.1,789.2176,307023.0,
Maldives,MDV,2010,72.9,1078.9711,361579.0,
Maldives,MDV,2015,75.5,1457.2584,435590.0,Asia
Mali,MLI,1990,32.7,,8945030.0,
Mali,MLI,1995,33.8,,9921096.0,
Mali,MLI,2000,37.7,62.01759,11239103.0,
Mali,MLI,2005,43.5,79.41812,13180556.0,
Mali,MLI,2010,44.4,83.61505,15529183.0,
Mali,MLI,2015,45.6,83.57169,18112910.0,Africa
Malta,MLT,1990,74.7,,365396.0,
Malta,MLT,1995,76.8,,381860.0,
Malta,MLT,2000,78.9,1211.1573,399212.0,
Malta,MLT,2005,81.4,1938.2571,410217.0,
Malta,MLT,2010,82.9,2288.4648,418758.0,
Malta,MLT,2015,85.1,3373.2385,456585.0,Europe
Marshall Islands,MHL,1990,41.2,,46069.0,
Marshall Islands,MHL,1995,43.2,,50723.0,
Marshall Islands,MHL,2000,43.2,406.75266,54243.0,
Marshall Islands,MHL,2005,44.3,536.2855,54356.0,
Marshall Islands,MHL,2010,46.8,439.8268,53431.0,
Marshall Islands,MHL,2015,49.8,513.8619,49426.0,Oceania
Mauritania,MRT,1990,37.3,,2006035.0,
Mauritania,MRT,1995,38.9,,2380345.0,
Mauritania,MRT,2000,42.9,105.84823,2695018.0,
Mauritania,MRT,2005,46.9,126.965225,3012363.0,
Mauritania,MRT,2010,49.6,111.143585,3419462.0,
Mauritania,MRT,2015,52.0,154.29881,3946225.0,Africa
Mauritius,MUS,1990,53.6,,1090296.0,
Mauritius,MUS,1995,57.3,,1160218.0,
Mauritius,MUS,2000,59.8,273.36072,1215930.0,
Mauritius,MUS,2005,61.8,431.68576,1258050.0,
Mauritius,MUS,2010,63.3,720.37286,1283347.0,
Mauritius,MUS,2015,65.7,1098.8331,1293159.0,Africa
Mexico,MEX,1990,49.2,,81720424.0,
Mexico,MEX,1995,54.1,,89969568.0,
Mexico,MEX,2000,57.4,493.39966,97873448.0,
Mexico,MEX,2005,59.1,738.71515,105442400.0,
Mexico,MEX,2010,60.5,875.4848,112532400.0,
Mexico,MEX,2015,62.6,1047.3535,120149896.0,North America
Micronesia (country),FSM,1990,41.1,,98616.0,
Micronesia (country),FSM,1995,43.6,,110346.0,
Micronesia (country),FSM,2000,46.8,170.15945,111725.0,
Micronesia (country),FSM,2005,49.8,454.04822,110957.0,
Micronesia (country),FSM,2010,51.5,377.11343,107606.0,
Micronesia (country),FSM,2015,53.8,366.97675,109477.0,Oceania
Moldova,MDA,1990,59.6,,4480206.0,
Moldova,MDA,1995,56.0,,4461238.0,
Moldova,MDA,2000,60.8,149.62202,4251571.0,
Moldova,MDA,2005,64.8,377.2542,4001380.0,
Moldova,MDA,2010,66.8,520.3094,3678186.0,
Moldova,MDA,2015,73.1,631.46045,3277390.0,Europe
Mongolia,MNG,1990,42.3,,2161440.0,
Mongolia,MNG,1995,42.1,,2330339.0,
Mongolia,MNG,2000,44.7,212.3951,2450988.0,
Mongolia,MNG,2005,50.9,203.69412,2559258.0,
Mongolia,MNG,2010,54.9,283.50928,2702527.0,
Mongolia,MNG,2015,58.5,456.34784,2964756.0,Asia
Montenegro,MNE,1990,70.2,,621450.0,
Montenegro,MNE,1995,70.2,,632066.0,
Montenegro,MNE,2000,69.9,,633330.0,
Montenegro,MNE,2005,74.4,,632885.0,
Montenegro,MNE,2010,78.2,,631048.0,
Montenegro,MNE,2015,80.7,1462.4469,633969.0,Europe
Morocco,MAR,1990,44.0,,24570816.0,
Morocco,MAR,1995,47.8,,26599054.0,
Morocco,MAR,2000,52.6,143.94247,28554420.0,
Morocco,MAR,2005,55.6,231.66565,30431898.0,
Morocco,MAR,2010,58.7,376.83514,32464866.0,
Morocco,MAR,2015,61.3,361.25082,34680456.0,Africa
Mozambique,MOZ,1990,33.2,,13303461.0,
Mozambique,MOZ,1995,35.1,,15594829.0,
Mozambique,MOZ,2000,36.4,10.614238,17768510.0,
Mozambique,MOZ,2005,39.6,30.51537,20211124.0,
Mozambique,MOZ,2010,40.9,52.155922,23073732.0,
Mozambique,MOZ,2015,43.0,86.72979,26843252.0,Africa
Myanmar,MMR,1990,29.7,,40099556.0,
Myanmar,MMR,1995,31.6,,42880188.0,
Myanmar,MMR,2000,34.7,19.54582,45538340.0,
Myanmar,MMR,2005,39.5,41.809875,47724472.0,
Myanmar,MMR,2010,44.4,59.186176,49390988.0,
Myanmar,MMR,2015,48.4,224.8885,51483956.0,Asia
Namibia,NAM,1990,41.8,,1369016.0,
Namibia,NAM,1995,41.9,,1605382.0,
Namibia,NAM,2000,39.9,503.86594,1819148.0,
Namibia,NAM,2005,43.5,702.7912,1962874.0,
Namibia,NAM,2010,50.4,814.93933,2099275.0,
Namibia,NAM,2015,53.7,1061.3206,2282709.0,Africa
Nepal,NPL,1990,34.0,,19616528.0,
Nepal,NPL,1995,37.1,,22305572.0,
Nepal,NPL,2000,41.6,42.341198,24559504.0,
Nepal,NPL,2005,45.7,65.68694,26285112.0,
Nepal,NPL,2010,48.2,94.40989,27161572.0,
Nepal,NPL,2015,50.8,163.77803,27610328.0,Asia
Netherlands,NLD,1990,79.2,,14944550.0,
Netherlands,NLD,1995,80.8,,15446670.0,
Netherlands,NLD,2000,82.1,2466.85,15899138.0,
Netherlands,NLD,2005,85.1,3425.7014,16261834.0,
Netherlands,NLD,2010,88.2,4588.9326,16617121.0,
Netherlands,NLD,2015,89.5,5203.804,17041110.0,Europe
New Zealand,NZL,1990,74.2,,3397388.0,
New Zealand,NZL,1995,77.6,,3673899.0,
New Zealand,NZL,2000,80.0,1606.5953,3855266.0,
New Zealand,NZL,2005,82.5,2123.635,4132782.0,
New Zealand,NZL,2010,84.2,2983.428,4346345.0,
New Zealand,NZL,2015,86.2,3475.5354,4590591.0,Oceania
Nicaragua,NIC,1990,49.7,,4227824.0,
Nicaragua,NIC,1995,51.7,,4721932.0,
Nicaragua,NIC,2000,55.5,145.81026,5123223.0,
Nicaragua,NIC,2005,58.8,211.17868,5454680.0,
Nicaragua,NIC,2010,61.8,306.94858,5855736.0,
Nicaragua,NIC,2015,64.3,421.55222,6298610.0,North America
Niger,NER,1990,31.8,,8370650.0,
Niger,NER,1995,33.1,,9813920.0,
Niger,NER,2000,34.6,36.32669,11622673.0,
Niger,NER,2005,37.7,50.725956,13855225.0,
Niger,NER,2010,40.3,53.230495,16647545.0,
Niger,NER,2015,41.0,61.241283,20128132.0,Africa
Nigeria,NGA,1990,38.3,,95214256.0,
Nigeria,NGA,1995,39.7,,108187616.0,
Nigeria,NGA,2000,40.6,77.40005,122851984.0,
Nigeria,NGA,2005,43.1,162.4747,140490720.0,
Nigeria,NGA,2010,48.8,157.47595,160952864.0,
Nigeria,NGA,2015,51.3,194.36855,183995776.0,Africa
North Africa and Middle East,,1990,43.8,,,
North Africa and Middle East,,1995,46.5,,,
North Africa and Middle East,,2000,49.9,,,
North Africa and Middle East,,2005,52.8,,,
North Africa and Middle East,,2010,55.7,,,
North Africa and Middle East,,2015,58.4,,,
North Korea,PRK,1990,53.1,,20799522.0,
North Korea,PRK,1995,55.8,,22385538.0,
North Korea,PRK,2000,56.0,,23367064.0,
North Korea,PRK,2005,57.5,,24100980.0,
North Korea,PRK,2010,60.4,,24686436.0,
North Korea,PRK,2015,62.3,,25258012.0,Asia
North Macedonia,MKD,1990,61.9,,2044181.0,
North Macedonia,MKD,1995,63.4,,1983971.0,
North Macedonia,MKD,2000,67.0,543.6251,2037940.0,
North Macedonia,MKD,2005,69.9,595.87384,2078667.0,
North Macedonia,MKD,2010,74.2,757.52905,2093828.0,
North Macedonia,MKD,2015,76.0,876.97595,2107965.0,Europe
Northern Mariana Islands,MNP,1990,60.5,,48021.0,
Northern Mariana Islands,MNP,1995,65.5,,48736.0,
Northern Mariana Islands,MNP,2000,68.9,,80353.0,
Northern Mariana Islands,MNP,2005,71.4,,69045.0,
Northern Mariana Islands,MNP,2010,72.7,,54109.0,
Northern Mariana Islands,MNP,2015,71.8,,51538.0,Oceania
Norway,NOR,1990,77.5,,4241637.0,
Norway,NOR,1995,81.0,,4359327.0,
Norway,NOR,2000,82.8,2857.7734,4491204.0,
Norway,NOR,2005,85.9,3995.3967,4623691.0,
Norway,NOR,2010,88.0,5194.9863,4889747.0,
Norway,NOR,2015,90.5,6142.4375,5190357.0,Europe
Oceania,,1990,33.8,,26744211.0,
Oceania,,1995,34.8,,28905477.0,
Oceania,,2000,35.4,,31223133.0,
Oceania,,2005,36.1,,33813365.0,
Oceania,,2010,37.7,,37103109.0,
Oceania,,2015,40.3,,40403644.0,
Oman,OMN,1990,66.1,,1804528.0,
Oman,OMN,1995,71.4,,2172681.0,
Oman,OMN,2000,74.4,1101.5353,2344261.0,
Oman,OMN,2005,76.2,982.10095,2515202.0,
Oman,OMN,2010,72.9,1252.3112,2881915.0,
Oman,OMN,2015,77.1,1349.4435,4191784.0,Asia
Pakistan,PAK,1990,36.5,,115414072.0,
Pakistan,PAK,1995,35.6,,133117480.0,
Pakistan,PAK,2000,36.3,74.68946,154369920.0,
Pakistan,PAK,2005,38.1,90.67673,174372096.0,
Pakistan,PAK,2010,41.2,101.021454,194454496.0,
Pakistan,PAK,2015,43.1,117.508095,210969296.0,Asia
Palestine,PSE,1990,61.8,,2124623.0,
Palestine,PSE,1995,65.6,,2623149.0,
Palestine,PSE,2000,68.3,,3139950.0,
Palestine,PSE,2005,68.7,,3541198.0,
Palestine,PSE,2010,69.0,,3992283.0,
Palestine,PSE,2015,70.5,,4484615.0,Asia
Panama,PAN,1990,52.9,,2449966.0,
Panama,PAN,1995,56.7,,2716071.0,
Panama,PAN,2000,59.8,587.761,3001738.0,
Panama,PAN,2005,61.3,651.9093,3305875.0,
Panama,PAN,2010,62.2,1073.6312,3623622.0,
Panama,PAN,2015,64.4,1724.0033,3957102.0,North America
Papua New Guinea,PNG,1990,32.0,,3864983.0,
Papua New Guinea,PNG,1995,33.0,,4616444.0,
Papua New Guinea,PNG,2000,33.4,39.558044,5508300.0,
Papua New Guinea,PNG,2005,34.0,54.98086,6498828.0,
Papua New Guinea,PNG,2010,35.8,61.44653,7583269.0,
Papua New Guinea,PNG,2015,38.6,72.21133,8682172.0,Oceania
Paraguay,PRY,1990,53.0,,4059198.0,
Paraguay,PRY,1995,55.1,,4603924.0,
Paraguay,PRY,2000,56.6,400.48007,5123817.0,
Paraguay,PRY,2005,57.4,361.4806,5476881.0,
Paraguay,PRY,2010,58.6,546.65094,5768618.0,
Paraguay,PRY,2015,60.4,768.6389,6177954.0,South America
Peru,PER,1990,45.9,,22109102.0,
Peru,PER,1995,49.8,,24449060.0,
Peru,PER,2000,57.1,216.8295,26654440.0,
Peru,PER,2005,62.7,300.95953,28147260.0,
Peru,PER,2010,65.9,463.18875,29229576.0,
Peru,PER,2015,69.6,580.9764,30711864.0,South America
Philippines,PHL,1990,45.0,,61558900.0,
Philippines,PHL,1995,46.1,,69250472.0,
Philippines,PHL,2000,47.5,105.08213,77958224.0,
Philippines,PHL,2005,47.6,163.5625,86261248.0,
Philippines,PHL,2010,49.6,232.42613,94636704.0,
Philippines,PHL,2015,52.0,280.16,103031360.0,Asia
Poland,POL,1990,62.1,,38064252.0,
Poland,POL,1995,65.4,,38401980.0,
Poland,POL,2000,70.8,564.5071,38504432.0,
Poland,POL,2005,73.8,806.7943,38575912.0,
Poland,POL,2010,76.3,1352.9597,38597356.0,
Poland,POL,2015,79.6,1716.899,38553148.0,Europe
Portugal,PRT,1990,67.2,,10007347.0,
Portugal,PRT,1995,71.5,,10051250.0,
Portugal,PRT,2000,74.7,1630.7753,10300632.0,
Portugal,PRT,2005,79.7,2195.4963,10523314.0,
Portugal,PRT,2010,81.9,2737.0454,10588401.0,
Portugal,PRT,2015,84.5,2758.8845,10365436.0,Europe
Puerto Rico,PRI,1990,64.5,,3543785.0,
Puerto Rico,PRI,1995,66.1,,3704948.0,
Puerto Rico,PRI,2000,69.8,,3827104.0,
Puerto Rico,PRI,2005,72.6,,3805560.0,
Puerto Rico,PRI,2010,74.0,,3717920.0,
Puerto Rico,PRI,2015,76.6,,3497335.0,North America
Qatar,QAT,1990,70.8,,441685.0,
Qatar,QAT,1995,71.3,,515140.0,
Qatar,QAT,2000,73.1,1944.8362,645947.0,
Qatar,QAT,2005,77.5,2822.3022,848718.0,
Qatar,QAT,2010,83.1,2362.6555,1713512.0,
Qatar,QAT,2015,85.2,2789.9478,2414580.0,Asia
Romania,ROU,1990,58.3,,22836234.0,
Romania,ROU,1995,60.0,,22533138.0,
Romania,ROU,2000,64.2,246.10161,21919882.0,
Romania,ROU,2005,67.2,529.23016,21092264.0,
Romania,ROU,2010,71.1,977.3198,20335212.0,
Romania,ROU,2015,74.4,1065.9272,19906078.0,Europe
Russia,RUS,1990,61.4,,148005696.0,
Russia,RUS,1995,57.6,,148557456.0,
Russia,RUS,2000,59.7,367.58203,146844848.0,
Russia,RUS,2005,62.9,603.8014,143800048.0,
Russia,RUS,2010,68.5,1086.5835,143242592.0,
Russia,RUS,2015,71.7,1288.0707,144668384.0,Europe
Rwanda,RWA,1990,29.9,,7319970.0,
Rwanda,RWA,1995,23.3,,5686897.0,
Rwanda,RWA,2000,30.4,22.920612,8109994.0,
Rwanda,RWA,2005,42.6,72.286026,9026297.0,
Rwanda,RWA,2010,47.0,109.15526,10309032.0,
Rwanda,RWA,2015,47.8,120.08472,11642963.0,Africa
Saint Lucia,LCA,1990,49.7,,142315.0,
Saint Lucia,LCA,1995,53.0,,152368.0,
Saint Lucia,LCA,2000,56.0,450.4605,159513.0,
Saint Lucia,LCA,2005,58.5,522.1184,165394.0,
Saint Lucia,LCA,2010,61.1,625.3448,170950.0,
Saint Lucia,LCA,2015,62.5,620.80396,175638.0,North America
Saint Vincent and the Grenadines,VCT,1990,50.4,,112507.0,
Saint Vincent and the Grenadines,VCT,1995,51.4,,114187.0,
Saint Vincent and the Grenadines,VCT,2000,53.0,267.2809,113832.0,
Saint Vincent and the Grenadines,VCT,2005,55.2,346.78857,112056.0,
Saint Vincent and the Grenadines,VCT,2010,56.7,461.415,109324.0,
Saint Vincent and the Grenadines,VCT,2015,57.5,475.56168,106493.0,North America
Samoa,WSM,1990,50.9,,168202.0,
Samoa,WSM,1995,53.6,,174917.0,
Samoa,WSM,2000,56.5,147.50208,184022.0,
Samoa,WSM,2005,58.6,234.87592,188634.0,
Samoa,WSM,2010,60.7,283.7015,194686.0,
Samoa,WSM,2015,62.1,337.28143,203586.0,Oceania
Sao Tome and Principe,STP,1990,41.3,,120355.0,
Sao Tome and Principe,STP,1995,41.9,,133094.0,
Sao Tome and Principe,STP,2000,42.8,188.09108,143729.0,
Sao Tome and Principe,STP,2005,44.0,259.14133,161697.0,
Sao Tome and Principe,STP,2010,47.3,196.93512,182154.0,
Sao Tome and Principe,STP,2015,49.6,204.94856,201142.0,Africa
Saudi Arabia,SAU,1990,63.4,,16004768.0,
Saudi Arabia,SAU,1995,66.8,,18888862.0,
Saudi Arabia,SAU,2000,71.2,1679.6945,21547398.0,
Saudi Arabia,SAU,2005,74.2,1612.2825,24397652.0,
Saudi Arabia,SAU,2010,77.0,1879.7368,29411930.0,
Saudi Arabia,SAU,2015,79.4,2915.8618,32749838.0,Asia
Senegal,SEN,1990,37.6,,7536003.0,
Senegal,SEN,1995,38.1,,8632684.0,
Senegal,SEN,2000,38.9,67.5284,9704291.0,
Senegal,SEN,2005,41.5,85.866356,10974066.0,
Senegal,SEN,2010,42.9,106.51957,12530128.0,
Senegal,SEN,2015,44.4,130.22137,14356191.0,Africa
Serbia,SRB,1990,64.2,,7987530.0,
Serbia,SRB,1995,64.4,,7982463.0,
Serbia,SRB,2000,66.6,371.9529,7935023.0,
Serbia,SRB,2005,69.4,759.03644,7830944.0,
Serbia,SRB,2010,73.1,1217.7197,7653749.0,
Serbia,SRB,2015,75.4,1312.1549,7519501.0,Europe
Seychelles,SYC,1990,50.7,,71073.0,
Seychelles,SYC,1995,55.1,,74753.0,
Seychelles,SYC,2000,58.5,659.05536,80073.0,
Seychelles,SYC,2005,61.1,717.7424,85907.0,
Seychelles,SYC,2010,63.9,920.9301,92424.0,
Seychelles,SYC,2015,66.1,1086.4508,99260.0,Africa
Sierra Leone,SLE,1990,37.6,,4325390.0,
Sierra Leone,SLE,1995,37.2,,4324151.0,
Sierra Leone,SLE,2000,35.4,116.47589,4584074.0,
Sierra Leone,SLE,2005,36.1,100.28584,5683338.0,
Sierra Leone,SLE,2010,38.2,124.107574,6436699.0,
Sierra Leone,SLE,2015,41.3,326.45438,7314779.0,Africa
Singapore,SGP,1990,67.4,,3022218.0,
Singapore,SGP,1995,72.8,,3543878.0,
Singapore,SGP,2000,77.3,1465.1426,4053602.0,
Singapore,SGP,2005,80.8,1781.3234,4344645.0,
Singapore,SGP,2010,84.2,2385.8325,5163585.0,
Singapore,SGP,2015,86.3,3598.9907,5650020.0,Asia
Slovakia,SVK,1990,66.6,,5261310.0,
Slovakia,SVK,1995,69.4,,5349999.0,
Slovakia,SVK,2000,70.8,602.40186,5376700.0,
Slovakia,SVK,2005,72.2,1096.3447,5376251.0,
Slovakia,SVK,2010,74.9,1949.3484,5396428.0,
Slovakia,SVK,2015,78.6,2033.2246,5424449.0,Europe
Slovenia,SVN,1990,71.2,,1986030.0,
Slovenia,SVN,1995,72.8,,1991115.0,
Slovenia,SVN,2000,76.4,1406.2651,1984339.0,
Slovenia,SVN,2005,79.8,1910.0029,2004780.0,
Slovenia,SVN,2010,84.3,2387.0737,2057294.0,
Slovenia,SVN,2015,87.4,2688.6975,2080865.0,Europe
Solomon Islands,SLB,1990,33.4,,324184.0,
Solomon Islands,SLB,1995,35.7,,375198.0,
Solomon Islands,SLB,2000,38.3,77.14681,429986.0,
Solomon Islands,SLB,2005,38.0,155.35065,482496.0,
Solomon Islands,SLB,2010,40.1,182.64882,540402.0,
Solomon Islands,SLB,2015,43.1,113.60162,612670.0,Oceania
Somalia,SOM,1990,29.1,,6999098.0,
Somalia,SOM,1995,29.3,,7210931.0,
Somalia,SOM,2000,30.1,,8721465.0,
Somalia,SOM,2005,31.8,,10467294.0,
Somalia,SOM,2010,33.3,,12026650.0,
Somalia,SOM,2015,34.2,,13763909.0,Africa
South Africa,ZAF,1990,45.6,,39877568.0,
South Africa,ZAF,1995,47.9,,43986088.0,
South Africa,ZAF,2000,44.8,629.90076,46813272.0,
South Africa,ZAF,2005,45.2,752.8957,49017156.0,
South Africa,ZAF,2010,49.4,1015.7871,51784928.0,
South Africa,ZAF,2015,52.0,1103.3734,55876504.0,Africa
South Asia,,1990,30.7,,,
South Asia,,1995,32.9,,,
South Asia,,2000,35.1,,,
South Asia,,2005,38.1,,,
South Asia,,2010,41.1,,,
South Asia,,2015,44.4,,,
South Korea,KOR,1990,61.7,,44120040.0,
South Korea,KOR,1995,70.5,,45393416.0,
South Korea,KOR,2000,74.6,716.9294,46788588.0,
South Korea,KOR,2005,80.4,1150.7494,47889576.0,
South Korea,KOR,2010,83.9,1878.9766,48813036.0,
South Korea,KOR,2015,85.8,2531.058,50994396.0,Asia
South Sudan,SSD,1990,33.4,,4750824.0,
South Sudan,SSD,1995,34.7,,5302053.0,
South Sudan,SSD,2000,37.5,,6114443.0,
South Sudan,SSD,2005,39.0,,7662659.0,
South Sudan,SSD,2010,38.8,,9714425.0,
South Sudan,SSD,2015,38.8,,11194300.0,Africa
Southeast Asia,,1990,38.6,,,
Southeast Asia,,1995,40.9,,,
Southeast Asia,,2000,43.0,,,
Southeast Asia,,2005,46.0,,,
Southeast Asia,,2010,49.4,,,
Southeast Asia,,2015,52.1,,,
"Southeast Asia, East Asia, and Oceania",,1990,44.8,,,
"Southeast Asia, East Asia, and Oceania",,1995,48.1,,,
"Southeast Asia, East Asia, and Oceania",,2000,51.1,,,
"Southeast Asia, East Asia, and Oceania",,2005,55.4,,,
"Southeast Asia, East Asia, and Oceania",,2010,60.0,,,
"Southeast Asia, East Asia, and Oceania",,2015,63.5,,,
Southern Latin America,,1990,57.6,,,
Southern Latin America,,1995,61.1,,,
Southern Latin America,,2000,64.7,,,
Southern Latin America,,2005,66.7,,,
Southern Latin America,,2010,68.1,,,
Southern Latin America,,2015,70.0,,,
Southern Sub-Saharan Africa,,1990,44.8,,,
Southern Sub-Saharan Africa,,1995,46.7,,,
Southern Sub-Saharan Africa,,2000,43.4,,,
Southern Sub-Saharan Africa,,2005,43.1,,,
Southern Sub-Saharan Africa,,2010,46.3,,,
Southern Sub-Saharan Africa,,2015,49.2,,,
Spain,ESP,1990,73.9,,38889888.0,
Spain,ESP,1995,78.1,,39814568.0,
Spain,ESP,2000,81.4,1471.743,40741652.0,
Spain,ESP,2005,84.1,2152.1465,43685372.0,
Spain,ESP,2010,87.2,2896.8303,46572776.0,
Spain,ESP,2015,89.6,3184.9949,46431344.0,Europe
Sri Lanka,LKA,1990,56.9,,17204098.0,
Sri Lanka,LKA,1995,59.5,,18177570.0,
Sri Lanka,LKA,2000,60.4,176.31602,18776374.0,
Sri Lanka,LKA,2005,63.8,227.38979,19673866.0,
Sri Lanka,LKA,2010,68.9,316.90973,20668556.0,
Sri Lanka,LKA,2015,72.8,450.90964,21336692.0,Asia
Sub-Saharan Africa,,1990,32.3,,,
Sub-Saharan Africa,,1995,33.5,,,
Sub-Saharan Africa,,2000,34.6,,,
Sub-Saharan Africa,,2005,37.4,,,
Sub-Saharan Africa,,2010,40.5,,,
Sub-Saharan Africa,,2015,42.2,,,
Sudan,SDN,1990,36.6,,21090892.0,
Sudan,SDN,1995,38.8,,23290602.0,
Sudan,SDN,2000,42.0,76.29737,26298778.0,
Sudan,SDN,2005,44.9,144.2063,29540584.0,
Sudan,SDN,2010,47.4,207.41531,33739932.0,
Sudan,SDN,2015,50.1,322.5486,38171172.0,Africa
Suriname,SUR,1990,46.7,,412767.0,
Suriname,SUR,1995,48.6,,434497.0,
Suriname,SUR,2000,49.5,494.3825,479011.0,
Suriname,SUR,2005,51.0,591.5883,516228.0,
Suriname,SUR,2010,53.5,681.54236,546085.0,
Suriname,SUR,2015,56.7,999.574,575478.0,South America
Sweden,SWE,1990,80.4,,8548407.0,
Sweden,SWE,1995,83.9,,8758496.0,
Sweden,SWE,2000,85.7,2173.6626,8871042.0,
Sweden,SWE,2005,87.0,2796.842,9051739.0,
Sweden,SWE,2010,88.7,3529.6523,9381722.0,
Sweden,SWE,2015,90.5,5333.4023,9849344.0,Europe
Switzerland,CHE,1990,81.4,,6711685.0,
Switzerland,CHE,1995,83.4,,7038302.0,
Switzerland,CHE,2000,85.4,3362.198,7182052.0,
Switzerland,CHE,2005,88.2,4189.0654,7428437.0,
Switzerland,CHE,2010,90.1,5485.3794,7822444.0,
Switzerland,CHE,2015,91.8,7306.933,8281735.0,Europe
Syria,SYR,1990,58.2,,12409003.0,
Syria,SYR,1995,63.1,,14313451.0,
Syria,SYR,2000,68.2,144.8544,16307659.0,
Syria,SYR,2005,71.4,170.98355,18583556.0,
Syria,SYR,2010,73.8,166.73851,22337558.0,
Syria,SYR,2015,74.6,,19205178.0,Asia
Taiwan,TWN,1990,64.2,,20586176.0,
Taiwan,TWN,1995,66.8,,21455818.0,
Taiwan,TWN,2000,70.1,,22194740.0,
Taiwan,TWN,2005,73.6,,22796312.0,
Taiwan,TWN,2010,77.1,,23083086.0,
Taiwan,TWN,2015,77.6,,23512136.0,Asia
Tajikistan,TJK,1990,48.7,,5417862.0,
Tajikistan,TJK,1995,48.1,,5916183.0,
Tajikistan,TJK,2000,48.6,45.224125,6273001.0,
Tajikistan,TJK,2005,51.7,88.74151,6929153.0,
Tajikistan,TJK,2010,55.4,133.53506,7621785.0,
Tajikistan,TJK,2015,58.6,206.61566,8524066.0,Asia
Tanzania,TZA,1990,39.9,,26206024.0,
Tanzania,TZA,1995,41.0,,30560072.0,
Tanzania,TZA,2000,43.1,36.569416,34463704.0,
Tanzania,TZA,2005,46.7,93.29674,39439508.0,
Tanzania,TZA,2010,48.8,105.422516,45110532.0,
Tanzania,TZA,2015,49.9,83.21102,52542824.0,Africa
Thailand,THA,1990,52.4,,55228408.0,
Thailand,THA,1995,55.9,,59424836.0,
Thailand,THA,2000,59.3,226.48119,63066604.0,
Thailand,THA,2005,64.8,324.07166,65821360.0,
Thailand,THA,2010,68.4,447.3363,68270488.0,
Thailand,THA,2015,70.8,580.34705,70294408.0,Asia
The Bahamas,,1990,50.9,,,
The Bahamas,,1995,54.1,,,
The Bahamas,,2000,57.0,,,
The Bahamas,,2005,59.9,,,
The Bahamas,,2010,62.1,,,
The Bahamas,,2015,63.9,,,
Togo,TGO,1990,37.4,,3875958.0,
Togo,TGO,1995,36.9,,4279573.0,
Togo,TGO,2000,36.9,36.65239,5008043.0,
Togo,TGO,2005,40.1,44.88882,5711605.0,
Togo,TGO,2010,41.8,68.77303,6571862.0,
Togo,TGO,2015,44.3,93.44444,7473232.0,Africa
Tonga,TON,1990,55.0,,98744.0,
Tonga,TON,1995,56.3,,99995.0,
Tonga,TON,2000,57.3,109.10317,102620.0,
Tonga,TON,2005,58.4,194.52484,105644.0,
Tonga,TON,2010,60.1,229.81624,107401.0,
Tonga,TON,2015,62.1,270.64816,106140.0,Oceania
Trinidad and Tobago,TTO,1990,51.6,,1266525.0,
Trinidad and Tobago,TTO,1995,53.5,,1307831.0,
Trinidad and Tobago,TTO,2000,55.8,626.6725,1332203.0,
Trinidad and Tobago,TTO,2005,58.6,1053.6812,1369078.0,
Trinidad and Tobago,TTO,2010,60.5,1576.4778,1410297.0,
Trinidad and Tobago,TTO,2015,62.1,1665.3807,1460180.0,North America
Tropical Latin America,,1990,50.1,,,
Tropical Latin America,,1995,53.7,,,
Tropical Latin America,,2000,56.9,,,
Tropical Latin America,,2005,59.8,,,
Tropical Latin America,,2010,62.5,,,
Tropical Latin America,,2015,64.7,,,
Tunisia,TUN,1990,53.0,,8440035.0,
Tunisia,TUN,1995,56.9,,9294106.0,
Tunisia,TUN,2000,61.4,301.8357,9893326.0,
Tunisia,TUN,2005,64.5,420.1735,10388349.0,
Tunisia,TUN,2010,67.4,597.54877,10895063.0,
Tunisia,TUN,2015,70.1,675.97504,11557779.0,Africa
Turkey,TUR,1990,51.3,,54324140.0,
Turkey,TUR,1995,55.4,,59305492.0,
Turkey,TUR,2000,62.4,443.08084,64113548.0,
Turkey,TUR,2005,68.6,587.4559,68704712.0,
Turkey,TUR,2010,74.3,881.3845,73195352.0,
Turkey,TUR,2015,76.2,1060.2424,79646176.0,Asia
Turkmenistan,TKM,1990,47.1,,3720287.0,
Turkmenistan,TKM,1995,47.7,,4226625.0,
Turkmenistan,TKM,2000,48.8,174.61722,4569135.0,
Turkmenistan,TKM,2005,51.1,557.02026,4885780.0,
Turkmenistan,TKM,2010,54.5,490.17334,5267975.0,
Turkmenistan,TKM,2015,58.1,862.2256,5766427.0,Asia
Uganda,UGA,1990,34.0,,17586634.0,
Uganda,UGA,1995,33.9,,20680834.0,
Uganda,UGA,2000,35.2,48.754086,24020710.0,
Uganda,UGA,2005,38.2,74.92817,27946586.0,
Uganda,UGA,2010,41.4,141.2419,32341724.0,
Uganda,UGA,2015,42.9,113.361916,37477356.0,Africa
Ukraine,UKR,1990,62.8,,51589816.0,
Ukraine,UKR,1995,59.4,,51061268.0,
Ukraine,UKR,2000,62.0,226.96138,48879752.0,
Ukraine,UKR,2005,64.4,444.28198,46912616.0,
Ukraine,UKR,2010,70.5,562.6637,45683024.0,
Ukraine,UKR,2015,72.7,753.8464,44982568.0,Europe
United Arab Emirates,ARE,1990,56.9,,1900160.0,
United Arab Emirates,ARE,1995,60.8,,2434001.0,
United Arab Emirates,ARE,2000,64.7,2325.354,3275338.0,
United Arab Emirates,ARE,2005,69.0,2266.1372,4280995.0,
United Arab Emirates,ARE,2010,71.4,2516.5923,8481775.0,
United Arab Emirates,ARE,2015,72.2,2325.8171,8916909.0,Asia
United Kingdom,GBR,1990,74.3,,57210444.0,
United Kingdom,GBR,1995,76.6,,57930364.0,
United Kingdom,GBR,2000,78.4,1904.5356,58850044.0,
United Kingdom,GBR,2005,80.6,2761.2974,60383740.0,
United Kingdom,GBR,2010,82.7,3601.097,62760048.0,
United Kingdom,GBR,2015,84.6,4231.58,65224368.0,Europe
United States,USA,1990,73.7,,248083728.0,
United States,USA,1995,76.0,,265660560.0,
United States,USA,2000,77.8,4543.436,282398560.0,
United States,USA,2005,78.8,6454.404,296842656.0,
United States,USA,2010,80.5,7888.352,311182848.0,
United States,USA,2015,81.3,9392.066,324607776.0,North America
United States Virgin Islands,VIR,1990,60.4,,100699.0,
United States Virgin Islands,VIR,1995,63.1,,103468.0,
United States Virgin Islands,VIR,2000,65.8,,108199.0,
United States Virgin Islands,VIR,2005,68.8,,106499.0,
United States Virgin Islands,VIR,2010,69.8,,106154.0,
United States Virgin Islands,VIR,2015,70.2,,102808.0,North America
Uruguay,URY,1990,60.8,,3117011.0,
Uruguay,URY,1995,63.1,,3208305.0,
Uruguay,URY,2000,67.1,1026.1478,3292227.0,
Uruguay,URY,2005,68.7,975.8291,3317666.0,
Uruguay,URY,2010,70.6,1445.296,3352653.0,
Uruguay,URY,2015,72.0,1821.2423,3402820.0,South America
Uzbekistan,UZB,1990,51.9,,20579106.0,
Uzbekistan,UZB,1995,51.7,,23026212.0,
Uzbekistan,UZB,2000,54.0,159.16203,24925558.0,
Uzbekistan,UZB,2005,56.1,202.5321,26573428.0,
Uzbekistan,UZB,2010,59.2,268.00095,28614234.0,
Uzbekistan,UZB,2015,62.3,320.14917,30949416.0,Asia
Vanuatu,VUT,1990,36.4,,150900.0,
Vanuatu,VUT,1995,37.4,,170623.0,
Vanuatu,VUT,2000,38.3,74.44517,192087.0,
Vanuatu,VUT,2005,38.4,76.88132,217642.0,
Vanuatu,VUT,2010,41.1,97.4989,245464.0,
Vanuatu,VUT,2015,43.1,122.69769,276450.0,Oceania
Venezuela,VEN,1990,53.1,,19750580.0,
Venezuela,VEN,1995,55.6,,22107288.0,
Venezuela,VEN,2000,59.3,862.4543,24427732.0,
Venezuela,VEN,2005,62.3,827.3114,26668790.0,
Venezuela,VEN,2010,64.2,1143.4236,28715026.0,
Venezuela,VEN,2015,64.7,744.7507,30529722.0,South America
Vietnam,VNM,1990,49.5,,66912616.0,
Vietnam,VNM,1995,52.4,,73759112.0,
Vietnam,VNM,2000,55.8,96.36967,79001144.0,
Vietnam,VNM,2005,59.6,150.88922,83142096.0,
Vietnam,VNM,2010,63.0,251.39783,87411016.0,
Vietnam,VNM,2015,66.3,344.95898,92191400.0,Asia
Western Europe,,1990,73.2,,,
Western Europe,,1995,76.8,,,
Western Europe,,2000,79.9,,,
Western Europe,,2005,82.9,,,
Western Europe,,2010,84.9,,,
Western Europe,,2015,86.8,,,
Western Sub-Saharan Africa,,1990,35.3,,,
Western Sub-Saharan Africa,,1995,36.2,,,
Western Sub-Saharan Africa,,2000,37.0,,,
Western Sub-Saharan Africa,,2005,39.7,,,
Western Sub-Saharan Africa,,2010,43.3,,,
Western Sub-Saharan Africa,,2015,44.8,,,
World,OWID_WRL,1990,40.7,,5316175872.0,
World,OWID_WRL,1995,42.7,,5743219712.0,
World,OWID_WRL,2000,44.8,596.6281,6148898816.0,
World,OWID_WRL,2005,47.8,796.53217,6558176256.0,
World,OWID_WRL,2010,51.0,1032.9338,6985603072.0,
World,OWID_WRL,2015,53.7,1250.2612,7426597376.0,
Yemen,YEM,1990,35.2,,13375127.0,
Yemen,YEM,1995,38.0,,16103338.0,
Yemen,YEM,2000,41.3,138.13606,18628704.0,
Yemen,YEM,2005,44.5,183.59369,21320676.0,
Yemen,YEM,2010,47.8,214.73483,24743944.0,
Yemen,YEM,2015,49.6,110.01008,28516552.0,Asia
Zambia,ZMB,1990,37.4,,7686405.0,
Zambia,ZMB,1995,34.6,,8684139.0,
Zambia,ZMB,2000,34.3,117.65069,9891140.0,
Zambia,ZMB,2005,35.5,150.02713,11564874.0,
Zambia,ZMB,2010,37.4,118.23179,13792095.0,
Zambia,ZMB,2015,41.6,152.14185,16248231.0,Africa
Zimbabwe,ZWE,1990,48.1,,10113899.0,
Zimbabwe,ZWE,1995,49.5,,10994044.0,
Zimbabwe,ZWE,2000,45.4,,11834679.0,
Zimbabwe,ZWE,2005,41.8,,12224758.0,
Zimbabwe,ZWE,2010,42.1,191.80008,12839774.0,
Zimbabwe,ZWE,2015,48.7,199.67766,14154937.0,Africa
